livro,capitulo,versiculo,texto,dia_do_ano
ÊXODO,14,25,"embaraçou-lhes as rodas dos carros, e fê-los andar dificultosamente; de modo que os egípcios disseram: Fujamos de diante de Israel, porque o Senhor peleja por eles contra os egípcios.",1
GÊNESIS,18,33,"E foi-se o Senhor, logo que acabou de falar com Abraão; e Abraão voltou para o seu lugar.",2
ISAÍAS,44,16,"Ele queima a metade no fogo, e com isso prepara a carne para comer; faz um assado, e dele se farta; também se aquenta, e diz: Ah! já me aquentei, já vi o fogo.",3
I CRÔNICAS,21,1,"Então Satanás se levantou contra Israel, e incitou Davi a numerar Israel.",4
JOSUÉ,7,8,"Ah, Senhor! que direi, depois que Israel virou as costas diante dos seus inimigos?",5
ATOS,10,48,"Mandou, pois, que fossem batizados em nome de Jesus Cristo. Então lhe rogaram que ficasse com eles por alguns dias.",6
I SAMUEL,13,16,"E Saul, seu filho Jônatas e o povo que se achava com eles, ficaram em Gibeá de Benjamim, mas os filisteus se tinham acampado em Micmás.",7
ESTER,10,11,Ele tapa os veios d'água para que não gotejem; e tira para a luz o que estava escondido.,8
JOEL,3,24,"Corra, porém, a justiça como as águas, e a retidão como o ribeiro perene.",9
ATOS,17,15,"E os que acompanhavam a Paulo levaram-no até Atenas e, tendo recebido ordem para Silas e Timóteo a fim de que estes fossem ter com ele o mais depressa possível, partiram.",10
I CORINTIOS,4,13,"somos difamados, e exortamos; até o presente somos considerados como o refugo do mundo, e como a escória de tudo.",11
I CRÔNICAS,1,44,"Morreu Belá, e reinou em seu lugar Jobabe, filho de Zerá, de Bozra.",12
ESTER,4,1,"Quando Mordecai soube tudo quanto se havia passado, rasgou as suas vestes, vestiu-se de saco e de cinza, e saiu pelo meio da cidade, clamando com grande e amargo clamor;",13
GÊNESIS,29,26,Respondeu Labão: Não se faz assim em nossa terra; não se dá a menor antes da primogênita.,14
DANIEL,5,19,"e por causa da grandeza que lhe deu, todos os povos, nações, e línguas tremiam e temiam diante dele; a quem queria matava, e a quem queria conservava em vida; a quem queria exaltava, e a quem queria abatia.",15
EZEQUIEL,33,5,"Ele ouviu o som da trombeta, e não se deu por avisado; o seu sangue será sobre ele. Se, porém, se desse por avisado, salvaria a sua vida.",16
ÊXODO,8,7,"Então os magos fizeram o mesmo com os seus encantamentos, e fizeram subir rãs sobre a terra do Egito.",17
LEVÍTICO,4,26,"Também queimará sobre o altar toda a sua gordura como a gordura do sacrifício da oferta pacífica; assim o sacerdote fará por ele expiação do seu pecado, e ele será perdoado.",18
SALMOS,72,11,Todos os reis se prostrem perante ele; todas as nações o sirvam.,19
LUCAS,7,39,"Mas, ao ver isso, o fariseu que o convidara falava consigo, dizendo: Se este homem fosse profeta, saberia quem e de que qualidade é essa mulher que o toca, pois é uma pecadora.",20
LEVÍTICO,6,27,"Tudo o que tocar a carne da oferta será santo; e quando o sangue dela for espargido sobre qualquer roupa, lavarás em lugar santo a roupa sobre a qual ele tiver sido espargido.",21
JUÍZES,1,25,"Mostrou-lhes, pois, a entrada da cidade, a qual eles feriram ao fio da espada; porém deixaram livre aquele homem e toda a sua família.",22
ISAÍAS,3,6,"Quando alguém pegar de seu irmão na casa de seu pai, dizendo: Tu tens roupa, tu serás o nosso príncipe, e tomarás sob a tua mão esta ruína.",23
MATEUS,14,6,"Festejando-se, porém, o dia natalício de Herodes, a filha de Herodias dançou no meio dos convivas, e agradou a Herodes,",24
GÁLATAS,2,19,"Pois eu pela lei morri para a lei, a fim de viver para Deus.",25
EZEQUIEL,31,10,"Portanto assim diz o Senhor Deus: Como se elevou na sua estatura, e se levantou a sua copa no meio dos espessos ramos, e o seu coração se ufanava da sua altura,",26
PROVÉRBIOS,24,29,"Não digas: Como ele me fez a mim, assim lhe farei a ele; pagarei a cada um segundo a sua obra.",27
I SAMUEL,19,20,"Então enviou Saul mensageiros para prenderem a Davi; quando eles viram a congregação de profetas profetizando, e Samuel a presidi-los, o Espírito de Deus veio sobre os mensageiros de Saul, e também eles profetizaram.",28
ISAÍAS,63,2,"Por que está vermelha a tua vestidura, e as tuas vestes como as daquele que pisa no lagar?",29
II REIS,3,2,"Fez o que era mau aos olhos do Senhor, porém não como seu pai, nem como sua mãe; pois tirou a coluna de Baal que seu pai fizera.",30
MATEUS,14,21,"Ora, os que comeram foram cerca de cinco mil homens, além de mulheres e crianças.",31
LUCAS,24,48,"Responderam-lhe os judeus: Não dizemos com razão que és samaritano, e que tens demônio?",32
ROMANOS,9,26,E sucederá que no lugar em que lhes foi dito: Vós não sois meu povo; aí serão chamados filhos do Deus vivo.,33
SALMOS,38,13,"Mas eu, como um surdo, não ouço; e sou qual um mudo que não abre a boca.",34
ESTER,10,20,"Ainda que eu fosse justo, a minha própria boca me condenaria; ainda que eu fosse perfeito, então ela me declararia perverso:",35
ÊXODO,25,8,"E me farão um santuário, para que eu habite no meio deles.",36
SALMOS,124,7,"Escapamos, como um pássaro, do laço dos passarinheiros; o laço quebrou-se, e nós escapamos.",37
I REIS,15,5,"porque Davi fez o que era reto aos olhos do Senhor, e não se desviou de tudo o que lhe ordenou em todos os dias da sua vida, a não ser no caso de Urias, o heteu.",38
GÁLATAS,4,29,"Mas, como naquele tempo o que nasceu segundo a carne perseguia ao que nasceu segundo o Espírito, assim é também agora.",39
ISAÍAS,42,24,"Quem entregou Jacó por despojo, e Israel aos roubadores? porventura não foi o Senhor, aquele contra quem pecamos, e em cujos caminhos eles não queriam andar, e cuja lei não queriam observar?",40
NÚMEROS,6,23,"Fala a Arão, e a seus filhos, dizendo: Assim abençoareis os filhos de Israel; dir-lhes-eis:",41
ESTER,10,14,Então também eu de ti confessarei que a tua mão direita te poderá salvar.,42
NÚMEROS,3,17,"Estes, pois, foram os filhos de Levi, pelos seus nomes: Gérson, Coate e Merári.",43
II SAMUEL,20,23,"Ora, Joabe estava sobre todo o exército de Israel; e Benaías, filho de Jeoiada, sobre os quereteus e os peleteus;",44
ÊXODO,12,1,"Ora, o Senhor falou a Moisés e a Arão na terra do Egito, dizendo:",45
PROVÉRBIOS,28,2,"Por causa da transgressão duma terra são muitos os seus príncipes; mas por virtude de homens prudentes e entendidos, ela subsistirá por longo tempo.",46
NÚMEROS,22,19,"Agora, pois, rogo-vos que fiqueis aqui ainda esta noite, para que eu saiba o que o Senhor me dirá mais.",47
NEEMIAS,9,14,"o teu santo sábado lhes fizeste conhecer;  e lhes ordenaste mandamentos e estatutos e uma lei, por intermédio de teu servo Moisés.",48
MATEUS,13,21,"mas não tem raiz em si mesmo, antes é de pouca duração; e sobrevindo a angústia e a perseguição por causa da palavra, logo se escandaliza.",49
I PEDRO,3,7,"Igualmente vós, maridos, vivei com elas com entendimento, dando honra à mulher, como vaso mais frágil, e como sendo elas herdeiras convosco da graça da vida, para que não sejam impedidas as vossas orações.",50
EZEQUIEL,23,6,"que se vestiam de azul, governadores e magistrados, todos mancebos cobiçáveis, cavaleiros montados a cavalo.",51
MIQUÉIAS,6,6,"Com que me apresentarei diante do Senhor, e me prostrarei perante o Deus excelso? Apresentar-me-ei diante dele com holocausto, com bezerros de um ano?",52
LUCAS,24,3,"Respondeu-lhe Jesus: Em verdade, em verdade te digo que se alguém não nascer de novo, não pode ver o reino de Deus.",53
I CORINTIOS,9,13,"Não sabeis vós que os que administram o que é sagrado comem do que é do templo? E que os que servem ao altar, participam do altar?",54
ECLESIASTES,2,19,"E quem sabe se será sábio ou estulto? Contudo, ele se assenhoreará de todo o meu trabalho em que me afadiguei, e em que me houve sabiamente debaixo do sol; também isso é vaidade.",55
LUCAS,15,21,"Disse-lhe o filho: Pai, pequei conta o céu e diante de ti; já não sou digno de ser chamado teu filho.",56
ZACARIAS,12,11,"Naquele dia será grande o pranto em Jerusalém, como o pranto de Hadade-Rimom no vale de Megidom.",57
LUCAS,24,11,"E, tendo assim falado, acrescentou: Lázaro, o nosso amigo, dorme, mas vou despertá-lo do sono.",58
GÊNESIS,19,34,"No dia seguinte disse a primogênita à menor: Eis que eu ontem à noite me deitei com meu pai; demos-lhe vinho a beber também esta noite; e então, entrando tu, deita-te com ele, para que conservemos a descendência de nosso pai.",59
I REIS,10,8,"Bem-aventurados os teus homens! Bem-aventuradas estes teus servos, que estão sempre diante de ti, que ouvem a tua sabedoria!",60
ISAÍAS,35,5,"Então os olhos dos cegos serão abertos, e os ouvidos dos surdos se desimpedirão.",61
MATEUS,13,16,"Mas bem-aventurados os vossos olhos, porque vêem, e os vossos ouvidos, porque ouvem.",62
SALMOS,119,100,"Sou mais entendido do que os velhos, porque tenho guardado os teus preceitos.",63
LAMENTAÇÕES DE JEREMIAS,3,32,"Embora entristeça a alguém, contudo terá compaixão segundo a grandeza da sua misericórdia.",64
ROMANOS,6,11,"Assim também vós considerai-vos como mortos para o pecado, mas vivos para Deus, em Cristo Jesus.",65
II REIS,25,8,"Ora, no quinto mês, no sétimo dia do mês, no ano décimo nono de Nabucodonosor, rei de Babilônia, veio a Jerusalém Nebuzaradão, capitão da guarda, servo do rei de Babilônia;",66
HEBREUS,10,25,"não abandonando a nossa congregação, como é costume de alguns, antes admoestando-nos uns aos outros; e tanto mais, quanto vedes que se vai aproximando aquele dia.",67
DEUTERONÔMIO,11,23,"também o Senhor lançará fora de diante de vós todas estas nações, e possuireis nações maiores e mais poderosas do que vós.",68
II SAMUEL,1,10,"Cheguei-me, pois, a ele, e o matei, porque bem sabia eu que ele não viveria depois de ter caído; e tomei a coroa que ele tinha na cabeça, e o bracelete que trazia no braço, e os trouxe aqui a meu senhor.",69
APOCALIPSE,11,19,"Abriu-se o santuário de Deus que está no céu, e no seu santuário foi vista a arca do seu pacto; e houve relâmpagos, vozes e trovões, e terremoto e grande saraivada.",70
EFÉSIOS,4,8,"Por isso foi dito: Subindo ao alto, levou cativo o cativeiro, e deu dons aos homens.",71
EZEQUIEL,42,15,"Tendo ele acabado de medir o templo interior, fez-me sair pelo caminho da porta oriental; e o mediu em redor.",72
I SAMUEL,30,3,"Quando Davi e os seus homens chegaram à cidade, eis que estava queimada a fogo, e suas mulheres, seus filhos e suas filhas tinham sido levados cativos.",73
MATEUS,19,18,Perguntou-lhe ele: Quais? Respondeu Jesus: Não matarás; não adulterarás; não furtarás; não dirás falso testemunho;,74
DEUTERONÔMIO,4,43,"a Bezer, no deserto, no planalto, para os rubenitas; a Ramote, em Gileade, para os paditas; e a Golã, em Basã, para os manassitas.",75
PROVÉRBIOS,6,11,"assim te sobrevirá a tua pobreza como um ladrão, e a tua necessidade como um homem armado.",76
SALMOS,89,33,"Mas não lhe retirarei totalmente a minha benignidade, nem faltarei com a minha fidelidade.",77
ISAÍAS,62,11,"Eis que o Senhor proclamou até as extremidades da terra: Dizei à filha de Sião: Eis que vem o teu Salvador; eis que com ele vem o seu galardão, e a sua recompensa diante dele.",78
LUCAS,24,41,"Murmuravam, pois, dele os judeus, porque dissera: Eu sou o pão que desceu do céu;",79
LUCAS,24,13,"Recolheram-nos, pois e encheram doze cestos de pedaços dos cinco pães de cevada, que sobejaram aos que haviam comido.",80
SALMOS,37,38,"Quanto aos transgressores, serão à uma destruídos, e a posteridade dos ímpios será exterminada.",81
LUCAS,24,5,"Então Jesus, levantando os olhos, e vendo que uma grande multidão vinha ter com ele, disse a Felipe: Onde compraremos pão, para estes comerem?",82
DANIEL,10,19,"E disse: Não temas, homem muito amado; paz seja contigo; sê forte, e tem bom ânimo. E quando ele falou comigo, fiquei fortalecido, e disse: Fala, meu senhor, pois me fortaleceste.",83
ESTER,4,3,"Em todas as províncias aonde chegava a ordem do rei, e o seu decreto, havia entre os judeus grande pranto, com jejum, e choro, e lamentação;  e muitos se deitavam em saco e em cinza.",84
II CRÔNICAS,20,6,"e disse: Ó Senhor, Deus de nossos pais, não és tu Deus no céu? e não és tu que governas sobre todos os reinos das nações? e na tua mão há poder e força, de modo que não há quem te possa resistir.",85
SALMOS,145,16,"abres a mão, e satisfazes o desejo de todos os viventes.",86
EZEQUIEL,16,34,"Assim és diferente de outras mulheres nas tuas prostituições; pois ninguém te procura para prostituição; pelo contrário tu dás a paga, e não a recebes; assim és diferente.",87
OSÉIAS,6,1,"Vinde, e tornemos para o Senhor, porque ele despedaçou e nos sarará; fez a ferida, e no-la atará.",88
ESTER,10,1,"Na verdade, há minas donde se extrai a prata, e também lugar onde se refina o ouro:",89
II REIS,4,6,"Cheias que foram as vasilhas, disse a seu filho: Chega-me ainda uma vasilha. Mas ele respondeu: Não há mais vasilha nenhuma. Então o azeite parou.",90
I SAMUEL,10,14,"Depois o tio de Saul perguntou-lhe, a ele e ao seu moço: Aonde fostes?: Respondeu ele: Procurar as jumentas; e, não as tendo encontrado, fomos ter com Samuel.",91
ISAÍAS,37,4,"Porventura o Senhor teu Deus terá ouvido as palavras de Rabsaqué, a quem enviou o rei da Assíria, seu amo, para afrontar o Deus vivo, e para o vituperar com as palavras que o Senhor teu Deus tem ouvido; faze oração pelo resto que ficou.",92
ISAÍAS,32,2,"um varão servirá de abrigo contra o vento, e um refúgio contra a tempestade, como ribeiros de águas em lugares secos, e como a sombra duma grande penha em terra sedenta.",93
LEVÍTICO,7,21,"E, se alguma pessoa, tendo tocado alguma coisa imunda, como imundícia de homem, ou gado imundo, ou qualquer abominação imunda, comer da carne do sacrifício da oferta pacífica, que pertence ao Senhor, essa pessoa será extirpada do seu povo.",94
GÁLATAS,5,2,"Eis que eu, Paulo, vos digo que, se vos deixardes circuncidar, Cristo de nada vos aproveitará.",95
MATEUS,4,19,"Disse-lhes: Vinde após mim, e eu vos farei pescadores de homens.",96
II CRÔNICAS,23,6,"Não entre, porém, ninguém na casa da Senhor, senão os sacerdotes e os levitas que ministram; estes entrarão, porque são santos; mas todo o povo guardará a ordenança do Senhor.",97
JEREMIAS,22,8,"E muitas nações passarão por esta cidade, e dirá cada um ao seu companheiro: Por que procedeu o Senhor assim com esta grande cidade?",98
LEVÍTICO,13,50,"o sacerdote examinará a praga, e encerrará por sete dias aquilo que tem a praga.",99
MATEUS,11,13,Pois todos os profetas e a lei profetizaram até João.,100
LUCAS,24,37,"E embora tivesse operado tantos sinais diante deles, não criam nele;",101
JUÍZES,9,3,Então os irmãos de sua mãe falaram todas essas palavras a respeito dele aos ouvidos de todos os cidadãos de Siquém; e o coração deles se inclinou a seguir Abimeleque; pois disseram: E nosso irmão.,102
EZEQUIEL,28,18,"Pela multidão das tuas iniqüidades, na injustiça do teu comércio, profanaste os teus santuários; eu, pois, fiz sair do meio de ti um fogo, que te consumiu a ti, e te tornei em cinza sobre a terra, à vista de todos os que te contemplavam.",103
HABACUQUE,1,9,Eles todos vêm com violência; a sua vanguarda irrompe como o vento oriental; eles ajuntam cativos como areia.,104
GÊNESIS,49,16,"Dã julgará o seu povo, como uma das tribos de Israel.",105
JOEL,3,7,"Pisam a cabeça dos pobres no pó da terra, pervertem o caminho dos mansos; um homem e seu pai entram à mesma moça, assim profanando o meu santo nome.",106
ROMANOS,10,14,"Como pois invocarão aquele em quem não creram? e como crerão naquele de quem não ouviram falar? e como ouvirão, se não há quem pregue?",107
DEUTERONÔMIO,27,24,Maldito aquele que ferir ao seu próximo em oculto. E todo o povo dirá: Amém.,108
ÊXODO,16,36,Um gômer é a décima parte de uma efa.,109
SALMOS,92,15,"para proclamarem que o Senhor é reto. Ele é a minha rocha, e nele não há injustiça.",110
JUÍZES,5,15,"Também os príncipes de Issacar estavam com Débora; e como Issacar, assim também Baraque; ao vale precipitaram-se em suas pegadas. Junto aos ribeiros de Rúben grandes foram as resoluções do coração.",111
I SAMUEL,19,23,"Foi, pois, para Naiote, em Ramá; e o Espírito de Deus veio também sobre ele, e ele ia caminhando e profetizando, até chegar a Naiote, em Ramá.",112
ÊXODO,19,10,"Disse mais o Senhor a Moisés: Vai ao povo, e santifica-os hoje e amanhã; lavem eles os seus vestidos,",113
TIAGO,2,3,"e atentardes para o que vem com traje esplêndido e lhe disserdes: Senta-te aqui num lugar de honra; e disserdes ao pobre: Fica em pé, ou senta-te abaixo do escabelo dos meus pés,",114
EZEQUIEL,39,9,"E os habitantes das cidades de Israel sairão, e com as armas acenderão o fogo, e queimarão os escudos e os paveses, os arcos e as flechas, os bastões de mão e as lanças; acenderão o fogo com tudo isso por sete anos;",115
ESTER,10,19,As águas gastam as pedras; as enchentes arrebatam o solo; assim tu fazes perecer a esperança do homem.,116
I CRÔNICAS,13,3,e tornemos a trazer para nós a arca do nosso Deus; porque não a buscamos nos dias de Saul.,117
JEREMIAS,11,5,"para que eu confirme o juramento que fiz a vossos pais de dar-lhes uma terra que manasse leite e mel, como se vê neste dia. Então eu respondi, e disse: Amém, ó Senhor.",118
GÊNESIS,9,5,"Certamente requererei o vosso sangue, o sangue das vossas vidas; de todo animal o requererei; como também do homem, sim, da mão do irmão de cada um requererei a vida do homem.",119
GÊNESIS,4,17,"Conheceu Caim a sua mulher, a qual concebeu, e deu à luz a Enoque. Caim edificou uma cidade, e lhe deu o nome do filho, Enoque.",120
LUCAS,24,10,"Então, erguendo-se Jesus e não vendo a ninguém senão a mulher, perguntou-lhe: Mulher, onde estão aqueles teus acusadores? Ninguém te condenou?",121
ESTER,10,33,"Sabes tu as ordenanças dos céus, ou podes estabelecer o seu domínio sobre a terra?",122
LEVÍTICO,8,14,Então fez chegar o novilho da oferta pelo pecado; e Arão e seus filhos puseram as mãos sobre a cabeça do novilho da oferta pelo pecado;,123
SALMOS,102,11,"Os meus dias são como a sombra que declina, e eu, como a erva, me vou secando.",124
SALMOS,49,10,"Sim, ele verá que até os sábios morrem, que perecem igualmente o néscio e o estúpido, e deixam a outros os seus bens.",125
MARCOS,15,38,"Então o véu do santuário se rasgou em dois, de alto a baixo.",126
ESTER,10,20,"Falarei, para que ache alívio; abrirei os meus lábios e responderei:",127
ÊXODO,10,16,"Então Faraó mandou apressadamente chamar Moisés e Arão, e lhes disse: Pequei contra o Senhor vosso Deus, e contra vós.",128
SALMOS,35,27,"Bradem de júbilo e se alegrem os que desejam a minha justificação, e digam a minha justificação, e digam continuamente: Seja engrandecido o Senhor, que se deleita na prosperidade do seu servo.",129
I REIS,20,1,"Ora, Ben-Hadade, rei da Síria, ajuntou todo o seu exército; e havia com ele trinta e dois reis, e cavalos e carros. Então subiu, cercou a Samária, e pelejou contra ela.",130
ESTER,10,18,"Ali os presos descansam juntos, e não ouvem a voz do exator.",131
II CRÔNICAS,24,8,"O rei, pois, deu ordem; e fizeram uma arca, e a puseram do lado de fora, à porta da casa do Senhor.",132
II SAMUEL,9,3,"Prosseguiu o rei: Não há ainda alguém da casa de Saul para que eu possa usar com ele da benevolência de Deus? Então disse Ziba ao rei: Ainda há um filho de Jônatas, aleijado dos pés.",133
ISAÍAS,65,21,"E eles edificarão casas, e as habitarão; e plantarão vinhas, e comerão o fruto delas.",134
DEUTERONÔMIO,25,19,"Quando, pois, o Senhor teu Deus te houver dado repouso de todos os teus inimigos em redor, na terra que o Senhor teu Deus te dá por herança para a possuíres, apagarás a memória de Amaleque de debaixo do céu; não te esquecerás.",135
ISAÍAS,52,7,"Quão formosos sobre os montes são os pés do que anuncia as boas-novas, que proclama a paz, que anuncia coisas boas, que proclama a salvação, que diz a Sião: O teu Deus reina!",136
LEVÍTICO,23,27,"Ora, o décimo dia desse sétimo mês será o dia da expiação; tereis santa convocação, e afligireis as vossas almas; e oferecereis oferta queimada ao Senhor.",137
SALMOS,10,17,"Tu, Senhor, ouvirás os desejos dos mansos; confortarás o seu coração; inclinarás o teu ouvido,",138
EFÉSIOS,4,12,"tendo em vista o aperfeiçoamento dos santos, para a obra do ministério, para edificação do corpo de Cristo;",139
MATEUS,19,13,"Então lhe trouxeram algumas crianças para que lhes impusesse as mãos, e orasse; mas os discípulos os repreenderam.",140
MARCOS,3,16,"Designou, pois, os doze, a saber: Simão, a quem pôs o nome de Pedro;",141
ATOS,20,15,"e navegando dali, chegamos no dia imediato defronte de Quios, no outro aportamos a Samos e e tendo-nos demorado em Trogílio, chegamos, no dia seguinte a Mileto.",142
SALMOS,7,2,"para que ele não me arrebate, qual leão, despedaçando-me, sem que haja quem acuda.",143
ZACARIAS,11,17,"Ai do pastor inútil, que abandona o rebanho! a espada lhe cairá sobre o braço e sobre o olho direito; o seu braço será de todo mirrado, e o seu olho direito será inteiramente escurecido.",144
SALMOS,119,35,"Faze-me andar na vereda dos teus mandamentos, porque nela me comprazo.",145
ATOS,15,2,"Tendo Paulo e Barnabé contenda e não pequena discussão com eles, os irmãos resolveram que Paulo e Barnabé e mais alguns dentre eles subissem a Jerusalém, aos apóstolos e aos anciãos, por causa desta questão.",146
APOCALIPSE,7,14,"Respondi-lhe: Meu Senhor, tu sabes. Disse-me ele: Estes são os que vêm da grande tribulação, e levaram as suas vestes e as branquearam no sangue do Cordeiro.",147
SALMOS,53,1,Diz o néscio no seu coração: Não há Deus. Corromperam-se e cometeram abominável iniqüidade; não há quem faça o bem.,148
JUÍZES,10,17,"Depois os amonitas se reuniram e acamparam em Gileade; também os filhos de Israel, reunindo-se, acamparam em Mizpá.",149
SALMOS,78,31,"quando a ira de Deus se levantou contra eles, e matou os mais fortes deles, e prostrou os escolhidos de Israel.",150
LUCAS,24,26,"e todo aquele que vive, e crê em mim, jamais morrerá. Crês isto?",151
ÊXODO,22,31,Ser-me-eis homens santos; portanto não comereis carne que por feras tenha sido despedaçada no campo; aos cães a lançareis.,152
ESTER,10,22,Eis que Deus é excelso em seu poder; quem é ensinador como ele?,153
ISAÍAS,11,5,"A justiça será o cinto dos seus lombos, e a fidelidade o cinto dos seus rins.",154
SALMOS,29,2,Tributai ao Senhor a glória devida ao seu nome; adorai o Senhor vestidos de trajes santos.,155
HEBREUS,9,26,"doutra forma, necessário lhe fora padecer muitas vezes desde a fundação do mundo; mas agora, na consumação dos séculos, uma vez por todas se manifestou, para aniquilar o pecado pelo sacrifício de si mesmo.",156
EFÉSIOS,6,12,"pois não é contra carne e sangue que temos que lutar, mas sim contra os principados, contra as potestades, conta os príncipes do mundo destas trevas, contra as hostes espirituais da iniqüidade nas regiões celestes.",157
SALMOS,17,12,"Parecem-se com o leão que deseja arrebatar a sua presa, e com o leãozinho que espreita em esconderijos.",158
LUCAS,24,2,"Pela manhã cedo voltou ao templo, e todo o povo vinha ter com ele; e Jesus, sentando-se o ensinava.",159
SALMOS,103,12,"Quanto o oriente está longe do ocidente, tanto tem ele afastado de nós as nossas transgressões.",160
SALMOS,39,9,"Emudecido estou, não abro a minha boca; pois tu és que agiste,",161
II CRÔNICAS,5,4,"E, tendo chegado todos os anciãos de Israel; os levitas levantaram a arca;",162
ÊXODO,16,14,"Quando desapareceu a camada de orvalho, eis que sobre a superfície do deserto estava uma coisa miúda, semelhante a escamas, coisa miúda como a geada sobre a terra.",163
MARCOS,13,12,"Um irmão entregará à morte a seu irmão, e um pai a seu filho; e filhos se levantarão contra os pais e os matarão.",164
ATOS,23,1,"Fitando Paulo os olhos no sinédrio, disse: Varões irmãos, até o dia de hoje tenho andado diante de Deus com toda a boa consciência.",165
ZACARIAS,7,12,"Sim, fizeram duro como diamante o seu coração, para não ouvirem a lei, nem as palavras que o Senhor dos exércitos enviara pelo seu Espírito mediante os profetas antigos; por isso veio a grande ira do Senhor dos exércitos.",166
DANIEL,10,20,"Ainda disse ele: Sabes por que eu vim a ti? Agora tornarei a pelejar contra o príncipe dos persas; e, saindo eu, eis que virá o príncipe da Grécia.",167
LUCAS,24,47,"Quando ele soube que Jesus tinha vindo da Judéia para a Galiléia, foi ter com ele, e lhe rogou que descesse e lhe curasse o filho; pois estava à morte.",168
I SAMUEL,20,3,"Respondeu-lhe Davi, com juramento: Teu pai bem sabe que achei graça aos teus olhos; pelo que disse: Não saiba isto Jônatas, para que não se magoe. Mas, na verdade, como vive o Senhor, e como vive a tua alma, há apenas um passo entre mim e a morte.",169
I SAMUEL,18,18,"Mas Davi disse a Saul: Quem sou eu, e qual é a minha vida e a família de meu pai em Israel, para eu vir a ser genro do rei?",170
MARCOS,14,68,"Mas ele o negou, dizendo: Não sei nem compreendo o que dizes. E saiu para o alpendre.",171
DEUTERONÔMIO,25,3,"Até quarenta açoites lhe poderá dar, não mais; para que, porventura, se lhe der mais açoites do que estes, teu irmão não fique envilecido aos teus olhos.",172
I CORINTIOS,8,5,"Pois, ainda que haja também alguns que se chamem deuses, quer no céu quer na terra (como há muitos deuses e muitos senhores),",173
II TESSALONICENSES,3,16,"Mas evita as conversas vãs e profanas; porque os que delas usam passarão a impiedade ainda maior,",174
OSÉIAS,2,19,"E desposar-te-ei comigo para sempre; sim, desposar-te-ei comigo em justiça, e em juízo, e em amorável benignidade, e em misericórdias;",175
JEREMIAS,17,7,"Bendito o varão que confia no Senhor, e cuja esperança é o Senhor.",176
SALMOS,135,5,Porque eu conheço que o Senhor é grande e que o nosso Senhor está acima de todos os deuses.,177
ATOS,7,52,"A qual dos profetas não perseguiram vossos pais? Até mataram os que dantes anunciaram a vinda do Justo, do qual vós agora vos tornastes traidores e homicidas,",178
SALMOS,50,3,"O nosso Deus vem, e não guarda silêncio; diante dele há um fogo devorador, e grande tormenta ao seu redor.",179
ESDRAS,2,15,"Os filhos de Adim, quatrocentos e cinqüenta e quatro.",180
TIAGO,2,26,"Porque, assim como o corpo sem o espírito está morto, assim também a fé sem obras é morta.",181
NÚMEROS,28,23,"Essas coisas oferecereis, além do holocausto da manhã, o qual é o holocausto contínuo.",182
ESDRAS,7,19,"Os vasos que te foram dados para o serviço da casa do teu Deus, entrega-os todos perante ele, o Deus de Jerusalém.",183
ATOS,24,15,"Tendo esperança em Deus, como estes mesmos também esperam, de que há de haver ressurreição tanto dos justos como dos injustos.",184
I CRÔNICAS,6,53,"de quem foi filho Zadoque, de quem foi filho Aimaaz.",185
NÚMEROS,4,35,"da idade de trinta anos para cima até os cinqüenta, todos os que entraram no serviço para o trabalho na tenda da revelação;",186
APOCALIPSE,16,10,"O quinto anjo derramou a sua taça sobre o trono da besta, e o seu reino se fez tenebroso; e os homens mordiam de dor as suas línguas.",187
ECLESIASTES,4,14,"embora tenha saído do cárcere para reinar, ou tenha nascido pobre no seu próprio reino.",188
HABACUQUE,1,4,"Por esta causa a lei se afrouxa, e a justiça nunca se manifesta; porque o ímpio cerca o justo, de sorte que a justiça é pervertida.",189
SALMOS,85,10,A benignidade e a fidelidade se encontraram; a justiça e a paz se beijaram.,190
JUÍZES,21,9,"Porquanto, ao contar-se o povo, nenhum dos habitantes de Jabes-Gileade estava ali.",191
ESTER,10,6,"Disse, pois, o Senhor a Satanás: Eis que ele está no teu poder; somente poupa-lhe a vida.",192
GÁLATAS,1,3,"Graça a vós, e paz da parte de Deus nosso Pai, e do Senhor Jesus Cristo,",193
PROVÉRBIOS,15,2,A língua dos sábios destila o conhecimento; porém a boca dos tolos derrama a estultícia.,194
II SAMUEL,3,1,"Ora, houve uma longa guerra entre a casa de Saul e a casa de Davi; porém Davi se fortalecia cada vez mais, enquanto a casa de Saul cada vez mais se enfraquecia.",195
NEEMIAS,5,7,"Então consultei comigo mesmo; depois contendi com do nobres e com os magistrados, e disse-lhes: Estais tomando juros, cada um de seu irmão. E ajuntei contra eles uma grande assembléia.",196
I CRÔNICAS,19,2,"Então disse Davi: usarei de benevolência para com Hanum, filho de Naás, porque seu pai usou de benevolência para comigo. Pelo que Davi enviou mensageiros para o consolarem acerca de seu pai. Mas quando os servos de Davi chegaram à terra dos amonitas, a Hanum, para o consolarem,",197
ESTER,10,4,Iam seus filhos à casa uns dos outros e faziam banquetes cada um por sua vez; e mandavam convidar as suas três irmãs para comerem e beberem com eles.,198
I SAMUEL,14,32,"então o povo se lançou ao despojo, e tomou ovelhas, bois e bezerros e, degolando-os no chão, comeu-os com o sangue.",199
SALMOS,115,18,"nós, porém, bendiremos ao Senhor, desde agora e para sempre. Louvai ao Senhor.",200
I SAMUEL,29,5,"Este não é aquele Davi, a respeito de quem cantavam nas danças: Saul feriu os seus milhares, mas Davi os seus dez milhares?",201
LUCAS,2,25,"Ora, havia em Jerusalém um homem cujo nome era Simeão; e este homem, justo e temente a Deus, esperava a consolação de Israel; e o Espírito Santo estava sobre ele.",202
ATOS,8,2,"E uns homens piedosos sepultaram a Estêvão, e fizeram grande pranto sobre ele.",203
SALMOS,21,11,"Pois intentaram o mal contra ti; maquinaram um ardil, mas não prevalecerão.",204
II SAMUEL,7,1,"Ora, estando o rei Davi em sua casa e tendo-lhe dado o Senhor descanso de todos os seus inimigos em redor,",205
GÊNESIS,47,15,"Quando se acabou o dinheiro na terra do Egito, e na terra de Canaã, vieram todos os egípcios a José, dizendo: Dá-nos pão; por que morreremos na tua presença? porquanto o dinheiro nos falta.",206
MARCOS,12,33,"e que amá-lo de todo o coração, de todo o entendimento e de todas as forças, e amar o próximo como a si mesmo, é mais do que todos os holocaustos e sacrifícios.",207
ESTER,10,24,"Tremendo e enfurecido devora a terra, e não se contém ao som da trombeta.",208
PROVÉRBIOS,4,11,Eu te ensinei o caminho da sabedoria; guiei-te pelas veredas da retidão.,209
NEEMIAS,6,10,"Fui à casa de Semaías, filho de Delaías, filho de Meetabel, que estava em recolhimento; e disse ele: Ajuntemo-nos na casa de Deus, dentro do templo, e fechemos as suas portas, pois virão matar-te; sim, de noite virão matar-te.",210
JEREMIAS,21,5,"E eu mesmo pelejarei contra vós com mão estendida, e com braço forte, e em ira, e em furor, e em grande indignação.",211
JOSUÉ,15,26,"Amã, Sema, Molada,",212
I CRÔNICAS,23,5,"quatro mil como porteiros; e quatro mil para louvarem ao Senhor com os instrumentos, que eu fiz para o louvar, disse Davi.",213
MARCOS,16,19,"Ora, o Senhor, depois de lhes ter falado, foi recebido no céu, e assentou-se à direita de Deus.",214
JEREMIAS,46,8,"O Egito é que vem subindo como o Nilo, e como rios cujas águas se agitam; e ele diz: Subirei, cobrirei a terra; destruirei a cidade e os que nela habitam.",215
ISAÍAS,30,22,"E contaminareis a cobertura de prata das tuas imagens esculpidas, e o revestimento de ouro das tuas imagens fundidas; e as lançarás fora como coisa imunda; e lhes dirás: Fora daqui.",216
II SAMUEL,16,19,"E, demais disto, a quem serviria eu? Porventura não seria a seu filho? como servi a teu pai, assim servirei a ti.",217
I SAMUEL,12,19,"Disse todo o povo a Samuel: Roga pelos teus servos ao Senhor teu Deus, para que não morramos; porque a todos os nossos pecados temos acrescentado este mal, de pedirmos para nós um rei.",218
LEVÍTICO,27,20,"Se não o quiser remir, ou se houver vendido o campo a outrem, nunca mais poderá ser remido.",219
II REIS,5,23,"Disse Naamã: Sê servido de tomar dois talentos. E instou com ele, e amarrou dois talentos de prata em dois sacos, com duas mudas de roupa, e pô-los sobre dois dos seus moços, os quais os levaram adiante de Geazi.",220
GÊNESIS,44,9,"Aquele dos teus servos com quem a taça for encontrada, morra; e ainda nós seremos escravos do meu senhor.",221
SALMOS,89,21,"A minha mão será sempre com ele, e o meu braço o fortalecerá.",222
ATOS,10,21,"E descendo Pedro ao encontro desses homens, disse: Sou eu a quem procurais; qual é a causa por que viestes?",223
MATEUS,20,28,"assim como o Filho do homem não veio para ser servido, mas para servir, e para dar a sua vida em resgate de muitos.",224
II CRÔNICAS,28,22,"No tempo da sua angústia houve-se com ainda maior desprezo pelo Senhor, este mesmo rei Acaz.",225
ÊXODO,15,5,Os abismos os cobriram; desceram às profundezas como pedra.,226
JEREMIAS,32,20,"puseste sinais e maravilhas na terra do Egito até o dia de hoje, tanto em Israel, como entre os outros homens; e te fizeste um nome, qual tu tens neste dia.",227
GÊNESIS,42,4,"Mas a Benjamim, irmão de José, não enviou Jacó com os seus irmãos, pois disse: Para que, porventura, não lhe suceda algum desastre.",228
LUCAS,8,51,"Tendo chegado à casa, a ninguém deixou entrar com ele, senão a Pedro, João, Tiago, e o pai e a mãe da menina.",229
I REIS,22,23,"Agora, pois, eis que o Senhor pôs um espírito mentiroso na boca dentes da casa dele; sim, tornarei a tua casa como a casa de respeito de ti.",230
SALMOS,65,1,"A ti, ó Deus, é devido o louvor em Sião; e a ti se pagará o voto.",231
FILIPENSES,1,5,pela vossa cooperação a favor do evangelho desde o primeiro dia até agora;,232
II CRÔNICAS,32,2,"Quando Ezequias viu que Senaqueribe tinha vindo com o propósito de guerrear contra Jerusalém,",233
II REIS,10,2,"Logo que vos chegar esta carta, visto que estão convosco os filhos de vosso senhor, como também carros, e cavalos, e uma cidade fortificada, e armas,",234
NÚMEROS,8,2,"Fala a Arão, e dize-lhe: Quando acenderes as lâmpadas, as sete lâmpadas alumiarão o espaço em frente do candelabro.",235
ATOS,16,10,"E quando ele teve esta visão, procurávamos logo partir para a Macedônia, concluindo que Deus nos havia chamado para lhes anunciarmos o evangelho.",236
I CRÔNICAS,12,14,"Estes, dos filhos de Gade, foram os chefes do exército; o menor valia por cem, e o maior por mil.",237
HEBREUS,9,6,"Ora, estando estas coisas assim preparadas, entram continuamente na primeira tenda os sacerdotes, celebrando os serviços sagrados;",238
ÊXODO,4,11,"Ao que lhe replicou o Senhor: Quem faz a boca do homem? ou quem faz o mudo, ou o surdo, ou o que vê, ou o cego?. Não sou eu, o Senhor?",239
JEREMIAS,21,9,"O que ficar nesta cidade há de morrer à espada, ou de fome, ou de peste; mas o que sair, e se render aos caldeus, que vos cercam, viverá, e terá a sua vida por despojo.",240
PROVÉRBIOS,22,9,Quem vê com olhos bondosos será abençoado; porque dá do seu pão ao pobre.,241
ROMANOS,7,7,"Que diremos pois? É a lei pecado? De modo nenhum. Contudo, eu não conheci o pecado senão pela lei; porque eu não conheceria a concupiscência, se a lei não dissesse: Não cobiçarás.",242
JOSUÉ,21,19,"Todas as cidades dos sacerdotes, filhos de Arão, foram treze cidades e seus arrabaldes.",243
I SAMUEL,8,10,"Referiu, pois, Samuel todas as palavras do Senhor ao povo, que lhe havia pedido um rei,",244
LUCAS,18,28,"Disse-lhe Pedro: Eis que nós deixamos tudo, e te seguimos.",245
JEREMIAS,34,16,"mudastes, porém, e profanastes o meu nome, e fizestes voltar cada um o seu escravo, e cada um a sua escrava, que havíeis deixado ir livres à vontade deles; e os sujeitastes de novo à servidão.",246
ÊXODO,30,24,"de cássia quinhentos siclos, segundo o siclo do santuário, e de azeite de oliveiras um him.",247
MARCOS,10,41,"E ouvindo isso os dez, começaram a indignar-se contra Tiago e João.",248
LUCAS,24,8,"Replicou-lhes Jesus: Já vos disse que sou eu; se, pois, é a mim que buscais, deixai ir estes;",249
NÚMEROS,7,74,"uma colher de ouro de dez siclos, cheia de incenso;",250
NÚMEROS,21,7,"Pelo que o povo veio a Moisés, e disse: Pecamos, porquanto temos falado contra o Senhor e contra ti; ora ao Senhor para que tire de nós estas serpentes. Moisés, pois, orou pelo povo.",251
ISAÍAS,30,3,"Portanto, a força de Faraó se vos tornará em vergonha, e a confiança na sombra do Egito em confusão.",252
EZEQUIEL,33,8,"Se eu disser ao ímpio: O ímpio, certamente morrerás; e tu não falares para dissuadir o ímpio do seu caminho, morrerá esse ímpio na sua iniqüidade, mas o seu sangue eu o requererei da tua mão.",253
OSÉIAS,10,14,"Portanto, entre o teu povo se levantará tumulto de guerra, e todas as tuas fortalezas serão destruídas, como Salmã destruiu a Bete-Arbel no dia da batalha; a mãe ali foi despedaçada juntamente com os filhos.",254
I REIS,7,12,"O átrio grande tinha em redor três ordens de pedras lavradas, com uma ordem de vigas de cedro; assim era também o átrio interior da casa do Senhor e o pórtico da casa.",255
JOSUÉ,24,32,"Os ossos de José, que os filhos de Israel trouxeram do Egito, foram enterrados em Siquém, naquela parte do campo que Jacó comprara aos filhos de Hamor, pai de Siquém, por cem peças de prata, e que se tornara herança dos filhos de José.",256
EZEQUIEL,37,21,"Dize-lhes pois: Assim diz o Senhor Deus: Eis que eu tomarei os filhos de Israel dentre as nações para onde eles foram, e os congregarei de todos os lados, e os introduzirei na sua terra;",257
DANIEL,8,18,"Ora, enquanto ele falava comigo, caí num profundo sono, com o rosto em terra; ele, porém, me tocou, e me pôs em pé.",258
JUÍZES,1,18,"Judá tomou também a Gaza, a Asquelom e a Ecrom, com os seus respectivos territórios.",259
I REIS,3,19,"Ora, durante a noite morreu o filho desta mulher, porquanto se deitara sobre ele.",260
I SAMUEL,4,8,Ai de nós! quem nos livrará da mão destes deuses possantes? Estes são os deuses que feriram aos egípcios com toda sorte de pragas no deserto.,261
EZEQUIEL,29,11,"Não passará por ela pé de homem, nem pé de animal passará por ela, nem será habitada durante quarenta anos.",262
LAMENTAÇÕES DE JEREMIAS,2,15,"Todos os que passam pelo caminho batem palmas contra ti; eles assobiam e meneiam a cabeça sobre a filha de Jerusalém, dizendo: E esta a cidade que denominavam a perfeição da formosura, o gozo da terra toda?",263
SALMOS,119,87,"Quase que me consumiram sobre a terra, mas eu não deixei os teus preceitos.",264
SALMOS,17,14,"dos homens, pela tua mão, Senhor, dos homens do mundo, cujo quinhão está nesta vida. Enche-lhes o ventre da tua ira entesourada. Fartem-se dela os seus filhos, e dêem ainda os sobejos por herança aos seus pequeninos.",265
I CORINTIOS,5,10,"com isso não me referia à comunicação em geral com os devassos deste mundo, ou com os avarentos, ou com os roubadores, ou com os idólatras; porque então vos seria necessário sair do mundo.",266
NÚMEROS,34,8,desde o monte Hor marcareis até a entrada de Hamate; daí ele se estenderá até Zedade;,267
ISAÍAS,36,17,"até que eu venha, e vos leve para uma terra semelhante à vossa, terra de trigo e de mosto, terra de pão e de vinhas.",268
MARCOS,8,30,E ordenou-lhes Jesus que a ninguém dissessem aquilo a respeito dele.,269
FILEMOM,1,22,"E ao mesmo tempo, prepara-me também pousada, pois espero que pelas vossas orações hei de ser concedido.",270
APOCALIPSE,22,5,"E ali não haverá mais noite, e não necessitarão de luz de lâmpada nem de luz do sol, porque o Senhor Deus os alumiará; e reinarão pelos séculos dos séculos.",271
ISAÍAS,24,13,"Pois será no meio da terra, entre os povos, como a sacudidura da oliveira, e como os rabiscos, quando está acabada a vindima.",272
EFÉSIOS,2,14,"Porque ele é a nossa paz, o qual de ambos os povos fez um; e, derrubando a parede de separação que estava no meio, na sua carne desfez a inimizade,",273
ROMANOS,2,28,"Porque não é judeu o que o é exteriormente, nem é circuncisão a que o é exteriormente na carne.",274
GÁLATAS,1,16,"revelar seu Filho em mim, para que eu o pregasse entre os gentios, não consultei carne e sangue,",275
ESTER,10,24,"com os seus baldes cheios de leite, e a medula dos seus ossos umedecida.",276
LUCAS,24,7,"Tornou, pois, Jesus a dizer-lhes: Em verdade, em verdade vos digo: eu sou a porta das ovelhas.",277
EZEQUIEL,27,20,Dedã negociava contigo em suadouros para cavalgar.,278
II REIS,21,19,"Amom tinha vinte e dois anos quando começou a reinar, e reinou dois anos em Jerusalém. O nome de sua mãe era Mesulemete, filha de Haniz, de Jotba.",279
JEREMIAS,46,26,"E os entregarei na mão dos que procuram a sua morte, na mão de Nabucodonosor, rei de Babilônia, e na mão dos seus servos; mas depois será habitada, como nos dias antigos, diz o Senhor.",280
NÚMEROS,16,12,"Então Moisés mandou chamar a Datã e a Abirão, filhos de Eliabe; eles porém responderam: Não subiremos.",281
GÊNESIS,31,23,"Então, tomando consigo seus irmãos, seguiu atrás de Jacó jornada de sete dias; e alcançou-o na montanha de Gileade.",282
II TESSALONICENSES,3,14,"Alexandre, o latoeiro, me fez muito mal; o Senhor lhe retribuirá segundo as suas obras.",283
NÚMEROS,21,35,"Assim o feriram, a ele e seus filhos, e a todo o seu povo, até que nenhum lhe ficou restando; também se apoderaram da terra dele.",284
DEUTERONÔMIO,9,5,"Não é por causa da tua justiça, nem pela retidão do teu coração que entras a possuir a sua terra, mas pela iniqüidade destas nações o Senhor teu Deus as lança fora de diante de ti, e para confirmar a palavra que o Senhor teu Deus jurou a teus pais, Abraão, Isaque e Jacó.",285
JOEL,3,4,"Ai dos que dormem em camas de marfim, e se estendem sobre os seus leitos, e comem os cordeiros tirados do rebanho, e os bezerros do meio do curral;",286
ESTER,10,23,"Sim, por que se concede luz ao homem cujo caminho está escondido, e a quem Deus cercou de todos os lados?",287
MARCOS,1,11,e ouviu-se dos céus esta voz: Tu és meu Filho amado; em ti me comprazo.,288
LUCAS,8,31,E rogavam-lhe que não os mandasse para o abismo.,289
ÊXODO,36,7,"Porque o material que tinham era bastante para toda a obra, e ainda sobejava.",290
ÊXODO,8,2,"Mas se recusares deixá-lo ir, eis que ferirei com rãs todos os teus termos.",291
ATOS,21,8,"Partindo no dia seguinte, fomos a Cesaréia; e entrando em casa de Felipe, o evangelista, que era um dos sete, ficamos com ele.",292
SALMOS,104,10,"És tu que nos vales fazes rebentar nascentes, que correm entre as colinas.",293
SALMOS,55,19,"Deus ouvirá; e lhes responderá aquele que está entronizado desde a antigüidade; porque não há neles nenhuma mudança, e tampouco temem a Deus.",294
MARCOS,10,18,"Respondeu-lhe Jesus: Por que me chamas bom? ninguém é bom, senão um que é Deus.",295
JUÍZES,14,13,"mas se não puderdes decifrar, vós me dareis a mim as trinta túnicas de linho e os trinta mantos. Ao que lhe responderam eles: Propõe o teu enigma, para que o ouçamos.",296
I REIS,8,10,"E sucedeu que, saindo os sacerdotes do santuário, uma nuvem encheu a casa do Senhor;",297
MATEUS,13,52,"E disse-lhes: Por isso, todo escriba que se fez discípulo do reino dos céus é semelhante a um homem, proprietário, que tira do seu tesouro coisas novas e velhas.",298
LEVÍTICO,13,56,"Mas se o sacerdote a examinar, e a praga tiver escurecido, depois de lavada, então a rasgará da vestidura, ou da pele, ou da urdidura, ou da trama;",299
HEBREUS,2,16,"Pois, na verdade, não presta auxílio aos anjos, mas sim à descendência de Abraão.",300
ZACARIAS,13,8,"Em toda a terra, diz o Senhor, as duas partes dela serão exterminadas, e expirarão; mas a terceira parte restará nela.",301
ESTER,2,20,"Ester, porém, como Mordecai lhe ordenara, não tinha declarado a sua parentela nem o seu povo:  porque obedecia as ordens de Mordecai como quando estava sendo criada em casa dele.",302
SALMOS,3,7,"Levanta-te, Senhor! salva-me, Deus meu! pois tu feres no queixo todos os meus inimigos; quebras os dentes aos ímpios.",303
JOEL,3,15,"E não ficará em pé o que maneja o arco, nem o ligeiro de pés se livrará, nem tampouco se livrara o que vai montado a cavalo;",304
PROVÉRBIOS,11,3,A integridade dos retos os guia; porém a perversidade dos desleais os destrói.,305
ATOS,26,9,"Eu, na verdade, cuidara que devia praticar muitas coisas contra o nome de Jesus, o nazareno;",306
I SAMUEL,20,19,"Ao terceiro dia descerás apressadamente, e irás àquele lugar onde te escondeste no dia do negócio, e te sentarás junto à pedra de Ezel.",307
II REIS,19,1,"Quando o rei Ezequias ouviu isto rasgou as suas vestes, cobriu-se de saco, e entrou na casa do Senhor.",308
APOCALIPSE,11,3,"E concederei às minhas duas testemunhas que, vestidas de saco, profetizem por mil duzentos e sessenta dias.",309
SALMOS,107,37,"semeiam campos e plantam vinhas, que produzem frutos abundantes.",310
MATEUS,26,13,"Em verdade vos digo que onde quer que for pregado em todo o mundo este evangelho, também o que ela fez será contado para memória sua.",311
I CORINTIOS,4,8,"Já estais fartos! já estais ricos! sem nós já chegastes a reinar! e oxalá reinásseis de fato, para que também nós reinássemos convosco!",312
MIQUÉIAS,2,11,"Se algum homem, andando em espírito de falsidade, mentir, dizendo: Eu te profetizarei acerca do vinho e da bebida forte; será esse tal o profeta deste povo.",313
LEVÍTICO,12,3,E no dia oitavo se circuncidará ao menino a carne do seu prepúcio.,314
II CRÔNICAS,15,9,"E congregou todo o Judá e Benjamim, e os de Efraim, Manassés e Simeão que com eles peregrinavam; pois que muitos e Israel tinham vindo a ele quando viram que o Senhor seu Deus era com ele.",315
SALMOS,94,6,"Matam a viúva e o estrangeiro, e tiram a vida ao órfão.",316
MATEUS,26,39,"E adiantando-se um pouco, prostrou-se com o rosto em terra e orou, dizendo: Meu Pai, se é possível, passa de mim este cálice; todavia, não seja como eu quero, mas como tu queres.",317
ATOS,11,1,"Ora, ouviram os apóstolos e os irmãos que estavam na Judéia que também os gentios haviam recebido a palavra de Deus.",318
II CRÔNICAS,13,3,"Abias dispôs-se para a peleja com um exército de varões valentes, quatrocentos mil homens escolhidos; e Jeroboão dispôs contra ele a batalha com oitocentos mil homens escolhidos, todos homens valentes.",319
LEVÍTICO,22,11,"Mas aquele que o sacerdote tiver comprado com o seu dinheiro, e o nascido na sua casa, esses comerão do seu pão.",320
DANIEL,1,10,"E disse o chefe dos eunucos a Daniel: Tenho medo do meu senhor, o rei, que determinou a vossa comida e a vossa bebida; pois veria ele os vossos rostos mais abatidos do que os dos outros jovens da vossa idade? Assim poríeis em perigo a minha cabeça para com o rei.",321
SALMOS,119,149,"Ouve a minha voz, segundo a tua benignidade; vivifica-me, ó Senhor, segundo a tua justiça.",322
JOSUÉ,19,36,"Adama, Ramá, Hazor,",323
LEVÍTICO,7,26,"E nenhum sangue comereis, quer de aves, quer de gado, em qualquer das vossas habitações.",324
I CRÔNICAS,2,19,"Morreu Azuba; e Calebe tomou para si Efrata, da qual lhe nasceu Hur.",325
LUCAS,13,23,"E alguém lhe perguntou: Senhor, são poucos os que se salvam? Ao que ele lhes respondeu:",326
LEVÍTICO,16,23,"Depois Arão entrará na tenda da revelação, e despirá as vestes de linho, que havia vestido quando entrara no lugar santo, e ali as deixará.",327
GÊNESIS,10,32,"Essas são as famílias dos filhos de Noé segundo as suas gerações, em suas nações; e delas foram disseminadas as nações na terra depois do dilúvio.",328
SALMOS,63,8,A minha alma se apega a ti; a tua destra me sustenta.,329
ISAÍAS,5,16,"Mas o Senhor dos exércitos é exaltado pelo juízo, e Deus, o Santo, é santificado em justiça.",330
LEVÍTICO,9,9,"Os filhos de Arão trouxeram-lhe o sangue; e ele molhou o dedo no sangue, e o pôs sobre as pontas do altar, e derramou o sangue à base do altar;",331
NEEMIAS,4,17,"Os que estavam edificando o muro, e os carregadores que levavam as cargas, cada um com uma das mãos fazia a obra e com a outra segurava a sua arma;",332
DEUTERONÔMIO,33,19,"Eles chamarão os povos ao monte; ali oferecerão sacrifícios de justiça, porque chuparão a abundância dos mares e os tesouros escondidos da areia.",333
LEVÍTICO,13,13,"este o examinará; e, se a lepra tiver coberto a carne toda, declarará limpo o que tem a praga; ela toda se tornou branca; o homem é limpo.",334
LEVÍTICO,5,14,Disse mais o Senhor a Moisés:,335
II CRÔNICAS,10,12,"Veio, pois, Jeroboão com todo o povo a Roboão, ao terceiro dia, como o rei havia ordenado, dizendo: Voltai a mim ao terceiro dia.",336
SALMOS,119,31,"Apego-me aos teus testemunhos, ó Senhor; não seja eu envergonhado.",337
NÚMEROS,34,2,"Dá ordem aos filhos de Israel, e dize-lhes: Quando entrardes na terra de Canaã, terra esta que vos há de cair em herança, por toda a sua extensão,",338
ESTER,10,27,"Ele considera o ferro como palha, e o bronze como pau podre.",339
II SAMUEL,18,29,"Então perguntou o rei: Vai bem o mancebo Absalão? Respondeu Aimaaz: Quando Joabe me mandou a mim, o servo do rei, vi um grande alvoroço; porem não sei o que era.",340
MARCOS,5,23,"e lhe rogava com instância, dizendo: Minha filhinha está nas últimas; rogo-te que venhas e lhe imponhas as mãos para que sare e viva.",341
ÊXODO,6,7,"Eu vos tomarei por meu povo e serei vosso Deus; e vós sabereis que eu sou Jeová vosso Deus, que vos tiro de debaixo das cargas dos egípcios.",342
LEVÍTICO,8,3,e reúne a congregação toda à porta da tenda da revelação.,343
JUÍZES,14,9,"E tirando-o nas mãos, foi andando e comendo dele; chegando aonde estavam seu pai e sua mãe, deu-lhes do mel, e eles comeram; porém não lhes disse que havia tirado o mel do corpo do leão.",344
GÊNESIS,17,11,Circuncidar-vos-eis na carne do prepúcio; e isto será por sinal de pacto entre mim e vós.,345
NÚMEROS,31,42,"E da metade que era dos filhos de Israel, que Moisés separara da que era dos homens que pelejaram",346
II REIS,10,12,"Então Jeú se levantou e partiu para ir a Samária. E, estando no caminho, em Bete-Equede dos pastores,",347
II PEDRO,3,4,"Aquele que diz: Eu o conheço, e não guarda os seus mandamentos, é mentiroso, e nele não está a verdade;",348
II SAMUEL,2,1,"Sucedeu depois disto que Davi consultou ao Senhor, dizendo: Subirei a alguma das cidades de Judá? Respondeu-lhe o Senhor: Sobe. Ainda perguntou Davi: Para onde subirei? Respondeu o Senhor: Para Hebrom.",349
ESTER,10,14,A terra se transforma como o barro sob o selo; e todas as coisas se assinalam como as cores dum vestido.,350
SALMOS,36,1,A transgressão fala ao ímpio no íntimo do seu coração; não há temor de Deus perante os seus olhos.,351
ÊXODO,5,5,"Disse mais Faraó: Eis que o povo da terra já é muito, e vós os fazeis abandonar as suas cargas.",352
I REIS,10,24,E toda a terra buscava a presença de Salomão para ouvir a sabedoria que Deus lhe tinha posto no coração.,353
I CRÔNICAS,24,22,"dos izaritas, Selomote; dos filhos de Selomote, Jaate;",354
GÁLATAS,5,20,"a idolatria, a feitiçaria, as inimizades, as contendas, os ciúmes, as iras, as facções, as dissensões, os partidos,",355
ESDRAS,5,9,"Então perguntamos àqueles anciãos, falando-lhes assim: Quem vos deu ordem para edificar esta casa, e completar este muro?",356
JEREMIAS,44,6,"Pelo que se derramou a minha indignação e a minha ira, e acendeu-se nas cidades de Judá, e nas ruas de Jerusalém; e elas tornaram-se em deserto e em desolação, como hoje se vê.",357
I CORINTIOS,12,21,E o olho não pode dizer à mão: Não tenho necessidade de ti; nem ainda a cabeça aos pés: Não tenho necessidade de vós.,358
I SAMUEL,1,15,"Mas Ana respondeu: Não, Senhor meu, eu sou uma mulher atribulada de espírito; não bebi vinho nem bebida forte, porém derramei a minha alma perante o Senhor.",359
ÊXODO,22,29,Não tardarás em trazer ofertas da tua ceifa e dos teus lagares. O primogênito de teus filhos me darás.,360
RUTE,2,16,"Também, tirai dos molhos algumas espigas e deixai-as ficar, para que as colha, e não a repreendais.",361
JEREMIAS,42,21,"E vo-lo tenho declarado hoje, mas não destes ouvidos à voz do Senhor vosso Deus em coisa alguma pela qual ele me enviou a vos.",362
MATEUS,9,7,"E este, levantando-se, foi para sua casa.",363
LUCAS,24,51,"E aconteceu que, enquanto os abençoava, apartou-se deles; e foi elevado ao céu.",364
ATOS,14,13,"O sacerdote de Júpiter, cujo templo estava em frente da cidade, trouxe para as portas touros e grinaldas e, juntamente com as multidões, queria oferecer-lhes sacrifícios.",365
MARCOS,16,4,"Mas, levantando os olhos, notaram que a pedra, que era muito grande, já estava revolvida;",366
